{
    "data":[
        {"id":1,"img":"http://localhost:3000/assets/images/trending-01.jpg","cat":"Action","name":"Assasin Creed","price":"$24","cprice":"$36"},
        {"id":2,"img":"http://localhost:3000/assets/images/trending-02.jpg","cat":"Story","name":"GTA 5","price":"$44","cprice":"$56"},
        {"id":3,"img":"http://localhost:3000/assets/images/trending-03.jpg","cat":"RPG","name":"Hitman","price":"$34","cprice":"$46"},
        {"id":4,"img":"http://localhost:3000/assets/images/trending-04.jpg","cat":"Story","name":"Farcry 5","price":"$44","cprice":"$56"}
    ]
}